alternative_id,criterion_id,value,source
ALT_SOLARE_PARCO,production,980,esempio_sintetico
ALT_SOLARE_PARCO,investment,2.9,esempio_sintetico
ALT_SOLARE_PARCO,land_use,3.4,esempio_sintetico
ALT_SOLARE_PARCO,acceptability,72,esempio_sintetico
ALT_SOLARE_TETTI,production,740,esempio_sintetico
ALT_SOLARE_TETTI,investment,2.4,esempio_sintetico
ALT_SOLARE_TETTI,land_use,0.6,esempio_sintetico
ALT_SOLARE_TETTI,acceptability,84,esempio_sintetico
ALT_BIOMASSA,production,610,esempio_sintetico
ALT_BIOMASSA,investment,2.0,esempio_sintetico
ALT_BIOMASSA,land_use,1.2,esempio_sintetico
ALT_BIOMASSA,acceptability,63,esempio_sintetico
ALT_EOLICO,production,860,esempio_sintetico
ALT_EOLICO,investment,3.3,esempio_sintetico
ALT_EOLICO,land_use,2.8,esempio_sintetico
ALT_EOLICO,acceptability,48,esempio_sintetico
