"alternative_id","indicator_id","value","source","evidence_status"
"ALT_FV","C1_I01",69,"DIA_demo_sintetico","VALIDATED"
"ALT_BIOMASSA","C1_I01",73,"DIA_demo_sintetico","VALIDATED"
"ALT_IDRO","C1_I01",77,"DIA_demo_sintetico","VALIDATED"
"ALT_FV","C2_I01",72,"DIA_demo_sintetico","VALIDATED"
"ALT_BIOMASSA","C2_I01",76,"DIA_demo_sintetico","VALIDATED"
"ALT_IDRO","C2_I01",80,"DIA_demo_sintetico","VALIDATED"
"ALT_FV","C3_I01",75,"DIA_demo_sintetico","VALIDATED"
"ALT_BIOMASSA","C3_I01",79,"DIA_demo_sintetico","VALIDATED"
"ALT_IDRO","C3_I01",83,"DIA_demo_sintetico","VALIDATED"
"ALT_FV","C4_I01",78,"DIA_demo_sintetico","VALIDATED"
"ALT_BIOMASSA","C4_I01",82,"DIA_demo_sintetico","VALIDATED"
"ALT_IDRO","C4_I01",86,"DIA_demo_sintetico","VALIDATED"
"ALT_FV","C5_I01",81,"DIA_demo_sintetico","VALIDATED"
"ALT_BIOMASSA","C5_I01",85,"DIA_demo_sintetico","VALIDATED"
"ALT_IDRO","C5_I01",89,"DIA_demo_sintetico","VALIDATED"
"ALT_FV","C1_I02",73,"DIA_demo_sintetico","VALIDATED"
"ALT_BIOMASSA","C1_I02",77,"DIA_demo_sintetico","VALIDATED"
"ALT_IDRO","C1_I02",81,"DIA_demo_sintetico","VALIDATED"
"ALT_FV","C2_I02",76,"DIA_demo_sintetico","VALIDATED"
"ALT_BIOMASSA","C2_I02",80,"DIA_demo_sintetico","VALIDATED"
"ALT_IDRO","C2_I02",84,"DIA_demo_sintetico","VALIDATED"
"ALT_FV","C3_I02",79,"DIA_demo_sintetico","VALIDATED"
"ALT_BIOMASSA","C3_I02",83,"DIA_demo_sintetico","VALIDATED"
"ALT_IDRO","C3_I02",87,"DIA_demo_sintetico","VALIDATED"
"ALT_FV","C4_I02",82,"DIA_demo_sintetico","VALIDATED"
"ALT_BIOMASSA","C4_I02",86,"DIA_demo_sintetico","VALIDATED"
"ALT_IDRO","C4_I02",90,"DIA_demo_sintetico","VALIDATED"
"ALT_FV","C5_I02",85,"DIA_demo_sintetico","VALIDATED"
"ALT_BIOMASSA","C5_I02",89,"DIA_demo_sintetico","VALIDATED"
"ALT_IDRO","C5_I02",93,"DIA_demo_sintetico","VALIDATED"
"ALT_FV","C1_I03",77,"DIA_demo_sintetico","VALIDATED"
"ALT_BIOMASSA","C1_I03",81,"DIA_demo_sintetico","VALIDATED"
"ALT_IDRO","C1_I03",85,"DIA_demo_sintetico","VALIDATED"
"ALT_FV","C2_I03",80,"DIA_demo_sintetico","VALIDATED"
"ALT_BIOMASSA","C2_I03",NA,"DIA_demo_sintetico","MISSING"
"ALT_IDRO","C2_I03",88,"DIA_demo_sintetico","VALIDATED"
"ALT_FV","C3_I03",83,"DIA_demo_sintetico","VALIDATED"
"ALT_BIOMASSA","C3_I03",87,"DIA_demo_sintetico","VALIDATED"
"ALT_IDRO","C3_I03",91,"DIA_demo_sintetico","VALIDATED"
"ALT_FV","C4_I03",86,"DIA_demo_sintetico","VALIDATED"
"ALT_BIOMASSA","C4_I03",90,"DIA_demo_sintetico","VALIDATED"
"ALT_IDRO","C4_I03",94,"DIA_demo_sintetico","VALIDATED"
"ALT_FV","C5_I03",89,"DIA_demo_sintetico","VALIDATED"
"ALT_BIOMASSA","C5_I03",93,"DIA_demo_sintetico","VALIDATED"
"ALT_IDRO","C5_I03",97,"DIA_demo_sintetico","VALIDATED"
"ALT_FV","C1_I04",81,"DIA_demo_sintetico","VALIDATED"
"ALT_BIOMASSA","C1_I04",85,"DIA_demo_sintetico","VALIDATED"
"ALT_IDRO","C1_I04",89,"DIA_demo_sintetico","VALIDATED"
"ALT_FV","C2_I04",84,"DIA_demo_sintetico","VALIDATED"
"ALT_BIOMASSA","C2_I04",88,"DIA_demo_sintetico","VALIDATED"
"ALT_IDRO","C2_I04",92,"DIA_demo_sintetico","VALIDATED"
"ALT_FV","C3_I04",87,"DIA_demo_sintetico","VALIDATED"
"ALT_BIOMASSA","C3_I04",91,"DIA_demo_sintetico","VALIDATED"
"ALT_IDRO","C3_I04",95,"DIA_demo_sintetico","VALIDATED"
"ALT_FV","C4_I04",90,"DIA_demo_sintetico","VALIDATED"
"ALT_BIOMASSA","C4_I04",94,"DIA_demo_sintetico","VALIDATED"
"ALT_IDRO","C4_I04",NA,"DIA_demo_sintetico","MISSING"
"ALT_FV","C5_I04",93,"DIA_demo_sintetico","VALIDATED"
"ALT_BIOMASSA","C5_I04",97,"DIA_demo_sintetico","VALIDATED"
"ALT_IDRO","C5_I04",100,"DIA_demo_sintetico","VALIDATED"
"ALT_FV","C1_I05",65,"DIA_demo_sintetico","VALIDATED"
"ALT_BIOMASSA","C1_I05",69,"DIA_demo_sintetico","VALIDATED"
"ALT_IDRO","C1_I05",73,"DIA_demo_sintetico","VALIDATED"
"ALT_FV","C2_I05",68,"DIA_demo_sintetico","VALIDATED"
"ALT_BIOMASSA","C2_I05",72,"DIA_demo_sintetico","VALIDATED"
"ALT_IDRO","C2_I05",76,"DIA_demo_sintetico","VALIDATED"
"ALT_FV","C3_I05",71,"DIA_demo_sintetico","VALIDATED"
"ALT_BIOMASSA","C3_I05",75,"DIA_demo_sintetico","VALIDATED"
"ALT_IDRO","C3_I05",79,"DIA_demo_sintetico","VALIDATED"
"ALT_FV","C4_I05",74,"DIA_demo_sintetico","VALIDATED"
"ALT_BIOMASSA","C4_I05",78,"DIA_demo_sintetico","VALIDATED"
"ALT_IDRO","C4_I05",82,"DIA_demo_sintetico","VALIDATED"
"ALT_FV","C5_I05",77,"DIA_demo_sintetico","VALIDATED"
"ALT_BIOMASSA","C5_I05",81,"DIA_demo_sintetico","VALIDATED"
"ALT_IDRO","C5_I05",85,"DIA_demo_sintetico","VALIDATED"
"ALT_FV","C1_I06",69,"DIA_demo_sintetico","VALIDATED"
"ALT_BIOMASSA","C1_I06",73,"DIA_demo_sintetico","VALIDATED"
"ALT_IDRO","C1_I06",77,"DIA_demo_sintetico","VALIDATED"
"ALT_FV","C2_I06",72,"DIA_demo_sintetico","VALIDATED"
"ALT_BIOMASSA","C2_I06",76,"DIA_demo_sintetico","VALIDATED"
"ALT_IDRO","C2_I06",80,"DIA_demo_sintetico","VALIDATED"
"ALT_FV","C3_I06",75,"DIA_demo_sintetico","VALIDATED"
"ALT_BIOMASSA","C3_I06",79,"DIA_demo_sintetico","VALIDATED"
"ALT_IDRO","C3_I06",83,"DIA_demo_sintetico","VALIDATED"
"ALT_FV","C4_I06",78,"DIA_demo_sintetico","VALIDATED"
"ALT_BIOMASSA","C4_I06",82,"DIA_demo_sintetico","VALIDATED"
"ALT_IDRO","C4_I06",86,"DIA_demo_sintetico","VALIDATED"
"ALT_FV","C5_I06",81,"DIA_demo_sintetico","VALIDATED"
"ALT_BIOMASSA","C5_I06",85,"DIA_demo_sintetico","VALIDATED"
"ALT_IDRO","C5_I06",89,"DIA_demo_sintetico","VALIDATED"
"ALT_FV","C1_I07",73,"DIA_demo_sintetico","VALIDATED"
"ALT_BIOMASSA","C1_I07",77,"DIA_demo_sintetico","VALIDATED"
"ALT_IDRO","C1_I07",81,"DIA_demo_sintetico","VALIDATED"
"ALT_FV","C2_I07",76,"DIA_demo_sintetico","VALIDATED"
"ALT_BIOMASSA","C2_I07",NA,"DIA_demo_sintetico","MISSING"
"ALT_IDRO","C2_I07",84,"DIA_demo_sintetico","VALIDATED"
"ALT_FV","C3_I07",79,"DIA_demo_sintetico","VALIDATED"
"ALT_BIOMASSA","C3_I07",83,"DIA_demo_sintetico","VALIDATED"
"ALT_IDRO","C3_I07",87,"DIA_demo_sintetico","VALIDATED"
"ALT_FV","C4_I07",82,"DIA_demo_sintetico","VALIDATED"
"ALT_BIOMASSA","C4_I07",86,"DIA_demo_sintetico","VALIDATED"
"ALT_IDRO","C4_I07",90,"DIA_demo_sintetico","VALIDATED"
"ALT_FV","C5_I07",85,"DIA_demo_sintetico","VALIDATED"
"ALT_BIOMASSA","C5_I07",89,"DIA_demo_sintetico","VALIDATED"
"ALT_IDRO","C5_I07",93,"DIA_demo_sintetico","VALIDATED"
"ALT_FV","C1_I08",77,"DIA_demo_sintetico","PENDING_VERIFICATION"
"ALT_BIOMASSA","C1_I08",81,"DIA_demo_sintetico","PENDING_VERIFICATION"
"ALT_IDRO","C1_I08",85,"DIA_demo_sintetico","PENDING_VERIFICATION"
"ALT_FV","C2_I08",80,"DIA_demo_sintetico","VALIDATED"
"ALT_BIOMASSA","C2_I08",84,"DIA_demo_sintetico","VALIDATED"
"ALT_IDRO","C2_I08",88,"DIA_demo_sintetico","VALIDATED"
"ALT_FV","C3_I08",83,"DIA_demo_sintetico","VALIDATED"
"ALT_BIOMASSA","C3_I08",87,"DIA_demo_sintetico","VALIDATED"
"ALT_IDRO","C3_I08",91,"DIA_demo_sintetico","VALIDATED"
"ALT_FV","C4_I08",86,"DIA_demo_sintetico","VALIDATED"
"ALT_BIOMASSA","C4_I08",90,"DIA_demo_sintetico","VALIDATED"
"ALT_IDRO","C4_I08",94,"DIA_demo_sintetico","VALIDATED"
"ALT_FV","C5_I08",89,"DIA_demo_sintetico","VALIDATED"
"ALT_BIOMASSA","C5_I08",93,"DIA_demo_sintetico","VALIDATED"
"ALT_IDRO","C5_I08",97,"DIA_demo_sintetico","VALIDATED"
"ALT_FV","C1_I09",81,"DIA_demo_sintetico","VALIDATED"
"ALT_BIOMASSA","C1_I09",85,"DIA_demo_sintetico","VALIDATED"
"ALT_IDRO","C1_I09",89,"DIA_demo_sintetico","VALIDATED"
"ALT_FV","C2_I09",84,"DIA_demo_sintetico","VALIDATED"
"ALT_BIOMASSA","C2_I09",88,"DIA_demo_sintetico","VALIDATED"
"ALT_IDRO","C2_I09",92,"DIA_demo_sintetico","VALIDATED"
"ALT_FV","C3_I09",87,"DIA_demo_sintetico","VALIDATED"
"ALT_BIOMASSA","C3_I09",91,"DIA_demo_sintetico","VALIDATED"
"ALT_IDRO","C3_I09",95,"DIA_demo_sintetico","VALIDATED"
"ALT_FV","C4_I09",90,"DIA_demo_sintetico","VALIDATED"
"ALT_BIOMASSA","C4_I09",94,"DIA_demo_sintetico","VALIDATED"
"ALT_IDRO","C4_I09",98,"DIA_demo_sintetico","VALIDATED"
"ALT_FV","C5_I09",93,"DIA_demo_sintetico","PENDING_VERIFICATION"
"ALT_BIOMASSA","C5_I09",97,"DIA_demo_sintetico","PENDING_VERIFICATION"
"ALT_IDRO","C5_I09",100,"DIA_demo_sintetico","PENDING_VERIFICATION"
"ALT_FV","C1_I10",65,"DIA_demo_sintetico","VALIDATED"
"ALT_BIOMASSA","C1_I10",69,"DIA_demo_sintetico","VALIDATED"
"ALT_IDRO","C1_I10",73,"DIA_demo_sintetico","VALIDATED"
"ALT_FV","C2_I10",68,"DIA_demo_sintetico","VALIDATED"
"ALT_BIOMASSA","C2_I10",72,"DIA_demo_sintetico","VALIDATED"
"ALT_IDRO","C2_I10",76,"DIA_demo_sintetico","VALIDATED"
"ALT_FV","C3_I10",71,"DIA_demo_sintetico","VALIDATED"
"ALT_BIOMASSA","C3_I10",75,"DIA_demo_sintetico","VALIDATED"
"ALT_IDRO","C3_I10",79,"DIA_demo_sintetico","VALIDATED"
"ALT_FV","C4_I10",74,"DIA_demo_sintetico","VALIDATED"
"ALT_BIOMASSA","C4_I10",78,"DIA_demo_sintetico","VALIDATED"
"ALT_IDRO","C4_I10",82,"DIA_demo_sintetico","VALIDATED"
"ALT_FV","C5_I10",77,"DIA_demo_sintetico","VALIDATED"
"ALT_BIOMASSA","C5_I10",81,"DIA_demo_sintetico","VALIDATED"
"ALT_IDRO","C5_I10",85,"DIA_demo_sintetico","VALIDATED"
