"cluster_id","indicator_id","indicator_name","direction","indicator_weight","unit","source","validation_status","description"
"C1","C1_I01","Energia indicatore 1","max",1.2,"scala 0-100","DIA_demo_sintetico","VALIDATED","Indicatore atomico dimostrativo, sostituibile con handoff DIA reale."
"C2","C2_I01","Energia indicatore 1","max",1,"scala 0-100","DIA_demo_sintetico","VALIDATED","Indicatore atomico dimostrativo, sostituibile con handoff DIA reale."
"C3","C3_I01","Energia indicatore 1","min",1,"scala 0-100","DIA_demo_sintetico","VALIDATED","Indicatore atomico dimostrativo, sostituibile con handoff DIA reale."
"C4","C4_I01","Energia indicatore 1","max",0.8,"scala 0-100","DIA_demo_sintetico","VALIDATED","Indicatore atomico dimostrativo, sostituibile con handoff DIA reale."
"C5","C5_I01","Energia indicatore 1","min",0.9,"scala 0-100","DIA_demo_sintetico","VALIDATED","Indicatore atomico dimostrativo, sostituibile con handoff DIA reale."
"C1","C1_I02","Energia indicatore 2","max",1.1,"scala 0-100","DIA_demo_sintetico","VALIDATED","Indicatore atomico dimostrativo, sostituibile con handoff DIA reale."
"C2","C2_I02","Energia indicatore 2","min",1,"scala 0-100","DIA_demo_sintetico","VALIDATED","Indicatore atomico dimostrativo, sostituibile con handoff DIA reale."
"C3","C3_I02","Energia indicatore 2","max",0.9,"scala 0-100","DIA_demo_sintetico","VALIDATED","Indicatore atomico dimostrativo, sostituibile con handoff DIA reale."
"C4","C4_I02","Energia indicatore 2","min",1,"scala 0-100","DIA_demo_sintetico","VALIDATED","Indicatore atomico dimostrativo, sostituibile con handoff DIA reale."
"C5","C5_I02","Energia indicatore 2","max",1.1,"scala 0-100","DIA_demo_sintetico","VALIDATED","Indicatore atomico dimostrativo, sostituibile con handoff DIA reale."
"C1","C1_I03","Ambiente indicatore 3","max",1.2,"scala 0-100","DIA_demo_sintetico","VALIDATED","Indicatore atomico dimostrativo, sostituibile con handoff DIA reale."
"C2","C2_I03","Ambiente indicatore 3","max",1,"scala 0-100","DIA_demo_sintetico","VALIDATED","Indicatore atomico dimostrativo, sostituibile con handoff DIA reale."
"C3","C3_I03","Ambiente indicatore 3","min",1,"scala 0-100","DIA_demo_sintetico","VALIDATED","Indicatore atomico dimostrativo, sostituibile con handoff DIA reale."
"C4","C4_I03","Ambiente indicatore 3","max",0.8,"scala 0-100","DIA_demo_sintetico","VALIDATED","Indicatore atomico dimostrativo, sostituibile con handoff DIA reale."
"C5","C5_I03","Ambiente indicatore 3","min",0.9,"scala 0-100","DIA_demo_sintetico","VALIDATED","Indicatore atomico dimostrativo, sostituibile con handoff DIA reale."
"C1","C1_I04","Ambiente indicatore 4","max",1.1,"scala 0-100","DIA_demo_sintetico","VALIDATED","Indicatore atomico dimostrativo, sostituibile con handoff DIA reale."
"C2","C2_I04","Ambiente indicatore 4","min",1,"scala 0-100","DIA_demo_sintetico","VALIDATED","Indicatore atomico dimostrativo, sostituibile con handoff DIA reale."
"C3","C3_I04","Ambiente indicatore 4","max",0.9,"scala 0-100","DIA_demo_sintetico","VALIDATED","Indicatore atomico dimostrativo, sostituibile con handoff DIA reale."
"C4","C4_I04","Ambiente indicatore 4","min",1,"scala 0-100","DIA_demo_sintetico","VALIDATED","Indicatore atomico dimostrativo, sostituibile con handoff DIA reale."
"C5","C5_I04","Ambiente indicatore 4","max",1.1,"scala 0-100","DIA_demo_sintetico","VALIDATED","Indicatore atomico dimostrativo, sostituibile con handoff DIA reale."
"C1","C1_I05","Economia indicatore 5","max",1.2,"scala 0-100","DIA_demo_sintetico","VALIDATED","Indicatore atomico dimostrativo, sostituibile con handoff DIA reale."
"C2","C2_I05","Economia indicatore 5","max",1,"scala 0-100","DIA_demo_sintetico","VALIDATED","Indicatore atomico dimostrativo, sostituibile con handoff DIA reale."
"C3","C3_I05","Economia indicatore 5","min",1,"scala 0-100","DIA_demo_sintetico","VALIDATED","Indicatore atomico dimostrativo, sostituibile con handoff DIA reale."
"C4","C4_I05","Economia indicatore 5","max",0.8,"scala 0-100","DIA_demo_sintetico","VALIDATED","Indicatore atomico dimostrativo, sostituibile con handoff DIA reale."
"C5","C5_I05","Economia indicatore 5","min",0.9,"scala 0-100","DIA_demo_sintetico","VALIDATED","Indicatore atomico dimostrativo, sostituibile con handoff DIA reale."
"C1","C1_I06","Economia indicatore 6","max",1.1,"scala 0-100","DIA_demo_sintetico","VALIDATED","Indicatore atomico dimostrativo, sostituibile con handoff DIA reale."
"C2","C2_I06","Economia indicatore 6","min",1,"scala 0-100","DIA_demo_sintetico","VALIDATED","Indicatore atomico dimostrativo, sostituibile con handoff DIA reale."
"C3","C3_I06","Economia indicatore 6","max",0.9,"scala 0-100","DIA_demo_sintetico","VALIDATED","Indicatore atomico dimostrativo, sostituibile con handoff DIA reale."
"C4","C4_I06","Economia indicatore 6","min",1,"scala 0-100","DIA_demo_sintetico","VALIDATED","Indicatore atomico dimostrativo, sostituibile con handoff DIA reale."
"C5","C5_I06","Economia indicatore 6","max",1.1,"scala 0-100","DIA_demo_sintetico","VALIDATED","Indicatore atomico dimostrativo, sostituibile con handoff DIA reale."
"C1","C1_I07","Territorio indicatore 7","max",1.2,"scala 0-100","DIA_demo_sintetico","VALIDATED","Indicatore atomico dimostrativo, sostituibile con handoff DIA reale."
"C2","C2_I07","Territorio indicatore 7","max",1,"scala 0-100","DIA_demo_sintetico","PENDING_VERIFICATION","Indicatore atomico dimostrativo, sostituibile con handoff DIA reale."
"C3","C3_I07","Territorio indicatore 7","min",1,"scala 0-100","DIA_demo_sintetico","VALIDATED","Indicatore atomico dimostrativo, sostituibile con handoff DIA reale."
"C4","C4_I07","Territorio indicatore 7","max",0.8,"scala 0-100","DIA_demo_sintetico","VALIDATED","Indicatore atomico dimostrativo, sostituibile con handoff DIA reale."
"C5","C5_I07","Territorio indicatore 7","min",0.9,"scala 0-100","DIA_demo_sintetico","VALIDATED","Indicatore atomico dimostrativo, sostituibile con handoff DIA reale."
"C1","C1_I08","Territorio indicatore 8","max",1.1,"scala 0-100","DIA_demo_sintetico","VALIDATED","Indicatore atomico dimostrativo, sostituibile con handoff DIA reale."
"C2","C2_I08","Territorio indicatore 8","min",1,"scala 0-100","DIA_demo_sintetico","VALIDATED","Indicatore atomico dimostrativo, sostituibile con handoff DIA reale."
"C3","C3_I08","Territorio indicatore 8","max",0.9,"scala 0-100","DIA_demo_sintetico","VALIDATED","Indicatore atomico dimostrativo, sostituibile con handoff DIA reale."
"C4","C4_I08","Territorio indicatore 8","min",1,"scala 0-100","DIA_demo_sintetico","VALIDATED","Indicatore atomico dimostrativo, sostituibile con handoff DIA reale."
"C5","C5_I08","Territorio indicatore 8","max",1.1,"scala 0-100","DIA_demo_sintetico","VALIDATED","Indicatore atomico dimostrativo, sostituibile con handoff DIA reale."
"C1","C1_I09","Partecipazione indicatore 9","max",1.2,"scala 0-100","DIA_demo_sintetico","VALIDATED","Indicatore atomico dimostrativo, sostituibile con handoff DIA reale."
"C2","C2_I09","Partecipazione indicatore 9","max",1,"scala 0-100","DIA_demo_sintetico","VALIDATED","Indicatore atomico dimostrativo, sostituibile con handoff DIA reale."
"C3","C3_I09","Partecipazione indicatore 9","min",1,"scala 0-100","DIA_demo_sintetico","VALIDATED","Indicatore atomico dimostrativo, sostituibile con handoff DIA reale."
"C4","C4_I09","Partecipazione indicatore 9","max",0.8,"scala 0-100","DIA_demo_sintetico","VALIDATED","Indicatore atomico dimostrativo, sostituibile con handoff DIA reale."
"C5","C5_I09","Partecipazione indicatore 9","min",0.9,"scala 0-100","DIA_demo_sintetico","PENDING_VERIFICATION","Indicatore atomico dimostrativo, sostituibile con handoff DIA reale."
"C1","C1_I10","Partecipazione indicatore 10","max",1.1,"scala 0-100","DIA_demo_sintetico","VALIDATED","Indicatore atomico dimostrativo, sostituibile con handoff DIA reale."
"C2","C2_I10","Partecipazione indicatore 10","min",1,"scala 0-100","DIA_demo_sintetico","VALIDATED","Indicatore atomico dimostrativo, sostituibile con handoff DIA reale."
"C3","C3_I10","Partecipazione indicatore 10","max",0.9,"scala 0-100","DIA_demo_sintetico","VALIDATED","Indicatore atomico dimostrativo, sostituibile con handoff DIA reale."
"C4","C4_I10","Partecipazione indicatore 10","min",1,"scala 0-100","DIA_demo_sintetico","VALIDATED","Indicatore atomico dimostrativo, sostituibile con handoff DIA reale."
"C5","C5_I10","Partecipazione indicatore 10","max",1.1,"scala 0-100","DIA_demo_sintetico","VALIDATED","Indicatore atomico dimostrativo, sostituibile con handoff DIA reale."
